{"cameraMode":{"drawMode":0,"name":"Shaded","section":"Shading Mode"},"sceneLighting":false,"audioPlay":false,"sceneViewState":{"m_AlwaysRefresh":false,"showFog":true,"showSkybox":true,"showFlares":true,"showImageEffects":true,"showParticleSystems":true,"showVisualEffectGraphs":true,"m_FxEnabled":true},"in2DMode":false,"pivot":{"x":-1.610771656036377,"y":-0.5910510420799255,"z":0.24965551495552064},"rotation":{"x":0.09789950400590897,"y":0.7248902320861816,"z":-0.10534121841192246,"w":0.673684298992157},"size":7.8634867668151859,"orthographic":false}